Palavra_Duplicada,Frase
caneta,exp caneta caneta nacional
cor,bombeiros caneta esferografica cor cor unica
cor,caneta amora medo cor cor unica caneta modelo caneta espero material plastico acabamento front escrita cor gravacao cor
cor,caneta azul quadro branco ponta fina cor cor unica
cor,caneta bic gripe roller fine preta cor cor unica
cor,caneta bic roller black cor cor unica
cor,caneta bisnaga macaco malha cor cor unica
cor,caneta conta comigo cor cor unica caneca logo estampa conta comigo grupo base cor azul
cor,caneta correria cor cor unica caneta tipo correria cor branca apresentacao
cor,caneta correria cor cor unica caneta tipo correria cor branca apresentacao referencia fabricante fazer castelo
cor,caneta detector dinheiro falso cor cor unica
cor,caneta espero ilumina touch xmm cor cor unica caneta modelo esferografica ponteiro touch dimensoes xmm material aluminio complemento
cor,caneta esferografica azul cor cor unica
cor,caneta esferografica azul cor cor unica
cor,caneta esferografica preta cor cor unica
cor,caneta esferografica preta cor cor unica
cor,caneta esferografica vermelha cor cor unica
cor,caneta esferografica vermelha cor cor unica
cor,caneta exportacao prata estojo veludo cor cor unica caneta complemento esportacao gravar logo grupo base estojo veludo cor prata unidade medida ncm
cor,caneta fixa corrente suporte fixacao cor cor unica caneta tipo fixa suporte corrente material metal
cor,caneta giz apagado guia cor cor unica caneta giz marca agia aplicacao macaco paineis
cor,caneta hidrocor futura azul cor cor unica
cor,caneta hidrocor futura preta cor cor unica
cor,caneta hidrocor futura vermelha cor cor unica
cor,caneta hidrografica core cor cor unica caneta tipo hidrografica core
cor,caneta ipod cor cor unica
cor,caneta lumicolor amarela cor cor unica
cor,caneta lumicolor amarela cor cor unica
cor,caneta lumicolor amarela cor cor unica caneta lumicolor amarela
cor,caneta lumicolor azul cor cor unica
cor,caneta lumicolor azul cor cor unica caneta tipo lumicolor cor azul
cor,caneta lumicolor laranja cor cor unica
cor,caneta lumicolor verde cor cor unica
cor,caneta lumicolor verde cor cor unica caneta tipo lumicolor cor verde
cor,caneta lumicolor vermelha cor cor unica
cor,caneta magica tecido azul cor cor unica caneta magica marca premir
cor,caneta magica tecido vermelho cor cor unica caneta magica marca premir
cor,caneta magia keep clean star roxa cor cor unica caneta magica buraco tipo air erasable pen caneta apagarem fabricante keep clean star
cor,caneta marcador tecido azul cor cor unica
cor,caneta marcador tecido air apagarem cor cor unica
cor,caneta marcador tecido preto cor cor unica
cor,caneta marcador tecido vermelho cor cor unica
cor,caneta marcador saint preta cor cor unica
cor,caneta marca texto medo cor cor unica caneta marca texto blush medo pacote unidades material plastico
cor,caneta marca texto nada cor cor unica caneta marca texto cor laranja dimensoes aproximada
cor,caneta mil cor cor unica caneta colocar mil
cor,caneta mil metal roller azul cor cor unica caneta marca mega brindes modelo caneta roller aluminio escrita azul complemento personalizada logo mil ncm
cor,caneta multidao permanente fazer castelo cor cor unica caneta multidao permanente fazer castelo ponta dia
cor,caneta multidao permanente fazer castelo cor cor unica caneta multidao permanente fazer castelo ponta dia
cor,caneta ranking cor cor unica
cor,caneta ranking uniria cor cor unica
cor,caneta ranking uniria cor cor unica
cor,caneta ranking uni pin fine line cor cor unica
cor,caneta ranking uni pin fine line cor cor unica
cor,caneta ranking uni pin fine line cor cor unica
cor,caneta papel mate cor cor unica
cor,caneta retro projetor azul cor cor unica
cor,caneta retro projetor preta cor cor unica
cor,caneta retro projetor verde cor cor unica
cor,caneta retro projetor vermelha cor cor unica
cor,caneta tecido preta cor cor unica
cor,caneta peru possa uni ponta cor cor unica caneta permanente possa uni cor amarelo ponta
cor,caneta peru possa uni ponta prata cor cor unica caneta permanente possa uni cor prata ponta
cor,caneta cima pen blush segura preta cor cor unica
cor,caneta cima sensei segura xwk cor cor unica caneta cima sensei chanfrado segura xwk
cor,caneta pincel atomico azul cor cor unica caneta pincel atomico cor azul espessura ponta
cor,caneta pincel atomico preto cor cor unica caneta pincel atomico cor preto espessura ponta
cor,caneta pincel atomico ref azul cor cor unica
cor,caneta pincel atomico ref azul cor cor unica
cor,caneta pincel atomico ref preto cor cor unica
cor,caneta pincel atomico ref preto cor cor unica
cor,caneta pincel atomico ref vermelho cor cor unica
cor,caneta pincel atomico ref vermelho cor cor unica
cor,caneta pincel atomico vermelho cor cor unica caneta pincel atomico cor vermelho espessura ponta
ponta,caneta mesa digitalizado lhes caneta aplicacao mesa digitalizado marca com referencia lhes nivel pressao ponta ponta substituivel compatibilidade cth cth ctl
cor,caneta mesa digitalizado lhes cor cor unica caneta aplicacao mesa digitalizado marca com referencia lhes nivel pressao ponta ponta substituivel compatibilidade cth cth ctl
cor,caneta pow mak com hidra pon prata cor cor unica caneta power make compacto hidrocor cor prata ponta
cor,caneta preta quadro branco ponta fina cor cor unica
cor,caneta retro projetor cor cor unica caneta retro projetor azul
cor,caneta retro projetor cor cor unica caneta retro projetor cor preta
cor,caneta retro projetor cor cor unica caneta retro projetor preto
cor,caneta retro projetor ver cor cor unica caneta retro projetor vermelha
cor,caneta retro projetor ver cor cor unica caneta retro projetor ver
cor,caneta promocional base cor cor unica caneta base embalagem modelo material plastico gravacao cor acabamento front tinta azul
cor,caneta promocional base cor cor unica
cor,caneta tecido acrilpen acrilex cor cor unica caneta aplicacao tecido cor azul marca acrilpen acrilex
cor,caneta tecido acrilpen acrilex azul cor cor unica
cor,caneta tecido acrilpen acrilex preto cor cor unica
cor,caneta tecido acrilpen acrilex preto cor cor unica
cor,caneta tecido acrilpen acrilex rosa cor cor unica
cor,caneta tecido acrilpen acrilex verme cor cor unica
cor,caneta tecido acrilpen acrilex cor cor unica caneta aplicacao tecido cor vermelho marca acrilpen acrilex
cor,caneta reciclada azul brinde pmc cor cor unica
cor,caneta retroprojetor preta pilot cor cor unica
cor,caneta sabido point estojo core cor cor unica
cor,caneta uni ball umn azul cor cor unica
cor,caneta uni ball umn preta cor cor unica
cor,caneta uni pin fine line cor cor unica
cor,caneta uni pin fine line cor cor unica
cor,caneta verde quadro branco ponta fina cor cor unica
cor,caneta ver quadro branco ponta fina cor cor unica
cor,caneta wbm azul quadro branco cor cor unica
cor,caneta wbm preto quadro branco cor cor unica
cor,caneta wbm verde quadro branco cor cor unica
cor,caneta wbm vermelho quadro branco cor cor unica
cor,caneta roller cor cor unica
cor,kit estojo canetas plastico cor cor unica kit estojo canetas material canetas plastico aplicacao brinde
cor,kit fazendo proprias canetas cor cor unica kit fazendo proprias canetas aplicacao brinde componentes tinta tubos acessorios
cor,mkt caneta base cor cor unica caneta base caixa unidades tinta azul embalagem
cor,bobina papel kart cor cor unica
cor,bobina papel kart cor cor unica bobina papel kart largura prematura
cor,bobina papel kart cor cor unica bobina papel kart largura prematura rolo metro
cor,chapeu aniversario branco papelao tam cor cor unica
cor,chapeu aniversario cinza papelao tam cor cor unica
cor,chapeu universo amarelo papelao tam cor cor unica
cor,chapeu universo azul claro papel tam cor cor unica
cor,chapeu universo azul escuro papel tam cor cor unica
cor,chapeu universo laranja papelao tam cor cor unica
cor,chapeu universo ligas papelao tam cor cor unica
cor,chapeu universo pink papelao tam cor cor unica
cor,chapeu universo preto papel tam cor cor unica
cor,chapeu universo rosa papelao tam cor cor unica
cor,chapeu universo verde esc papel tam cor cor unica
cor,chapeu universo verde lima papel tam cor cor unica
cor,chapeu universo vermelho papelao tam cor cor unica
cor,cinta papel coche natal cor cor unica
cor,papel cinza claro cor cor unica papel modelo cor cinza claro quantidade pct tipo reciclado
cor,papel adesivo vinco cor cor unica papel adesivo vinco tamanho
cor,papel adesivo foco natal cor cor unica
cor,papel sublime cor cor unica papel medida material prematura grama minimo compra metro rolo
cor,papel sublime unica cor cor unica papel medida material prematura grama minimo compra metro rolo
cor,papel gloss adesivo master cor cor unica papel gloss tamanho apresentacao pacote folhas
cor,papel gloss papel grs cor cor unica
cor,papel kart folha lisa cor cor unica papel kart aplicacao sublimacao largura prematura tipo folha lisa
cor,papel sub cor cor unica papel sub bnflex sim metro
cor,papel sub cor cor unica papel sub
cor,papel subligloss importa cor cor unica
cor,papel sul monolucido cor cor unica rolo metro
cor,papel sub monolucido unica cor cor unica rolo metro
cor,papel sub point cor cor unica rolo metro largura
cor,papel sub point unica cor cor unica rolo metro largura
cor,papel sub point cor cor unica
cor,papel sub point cor cor unica rolo metro largura
cor,papel sub point unica cor cor unica rolo metro largura
cor,papel sub sublime coldre cor cor unica rolo metro
cor,papel sulfito tam folhas cor cor unica
cor,papel fique rolo cor cor unica descrito fique rolo lote minimo lote economico leal time dia ten preso fabricante havia
cor,placa adesiva papel xcm transparente cor cor unica placa adesiva arte escrita papel letra real tam altura largura aplicacao aplicar sob objetos manualmente complemento adesivo plastico transparente
cor,placa essa papel coche xcm cor cor unica placa material papel coche prematura tamanho
fax,bobina papel fax fax point max point
folhas,papel vci folhas folhas vci imenso lote minimo folhas
bobina,bobina papel vci classificado bobina bobina papel vci classificado
bobina,bobina papel vci classificado bobina bobina papel vci classificado
pct,papel repor pct pct
tamanho,luva pronto tam luva borracha nitrilica tamanho tamanho tamanho referencia pronto prova
cor,luva ibox rosca cor cor unica
cor,luva alta tensao classe cor cor unica
cor,luva anticorpo elite mod tam cor cor unica luva descricao luva seguranca confeccionada suporte textil hope banho palma face palmar dedos pontas dedos punho elastico complemento anticorpo unidade medida par marca elite modelo referencia aplicar protejo usuario contra agentes abrasivos escoriacoes cortante perfurantes composicao fio textil hope elastico tamanho mestres limites epi aprovado uso opera sondagem processos similares
cor,luva anticorpo elite mod tam cor cor unica luva descricao luva seguranca confeccionada suporte textil hope banho palma face palmar dedos pontas dedos punho elastico complemento anticorpo unidade medida par marca elite modelo referencia aplicar protejo usuario contra agentes abrasivos escoriacoes cortante perfurantes composicao fio textil hope elastico tamanho mestres limites epi aprovado uso opera sondagem processos similares
cor,luva anticorpo elite mod tam cor cor unica luva descricao luva seguranca confeccionada suporte textil hope banho palma face palmar dedos pontas dedos punho elastico complemento anticorpo unidade medida par marca elite modelo referencia aplicar protejo usuario contra agentes abrasivos escoriacoes cortante perfurantes composicao fio textil hope elastico tamanho mestres limites epi aprovado uso opera sondagem processos similares
cor,luva anticorpo elite mod tam cor cor unica luva descricao luva seguranca confeccionada suporte textil hope banho palma face palmar dedos pontas dedos punho elastico complemento anticorpo unidade medida par marca elite modelo referencia aplicar protejo usuario contra agentes abrasivos escoriacoes cortante perfurantes composicao fio textil hope elastico tamanho mestres limites epi aprovado uso opera sondagem processos similares
cor,luva anticorpo elite mod tam cor cor unica luva descricao luva seguranca confeccionada suporte textil hope banho palma face palmar dedos pontas dedos punho elastico complemento anticorpo unidade medida par marca elite modelo referencia aplicar protejo usuario contra agentes abrasivos escoriacoes cortante perfurantes composicao fio textil hope elastico tamanho mestres limites epi aprovado uso opera sondagem processos similares
cor,luva cirurgia tam cor cor unica
cor,luva cirurgia tam cor cor unica
cor,luva ibox rosca cor cor unica
cor,luva borracha isolado cor cor unica
cor,luva ibox cor cor unica
cor,luva latex essencial cor cor unica
cor,luva raspa cor cor unica luva tipo raspa tamanho marca voce luvas
cor,luva seguranca nitrlica tam cor cor unica luva seguranca nitrlica tam
cor,luva seguranca nitrlica tam xxg cor cor unica luva seguranca nitrlica tam xxg
cor,luva seguranca nitrlica tam cor cor unica luva seguranca nitrlica tam
cor,luva seguranca nitrlica tam cor cor unica luva seguranca nitrlica tam
cor,luva seguranca nitrlica tam cor cor unica luva seguranca nitrlica tam
cor,luva seguranca nitrlica tam cor cor unica luva seguranca nitrlica tam
cor,luva eixo aco grafite cor cor unica luva aplicacao eixo material aco grafite posicao fabricante mihi zona site referencia
cor,luva ibox cor cor unica
cor,luva ibox rosca npt cor cor unica
cor,luva ibox rosqueavel cor cor unica
cor,luva isolante alta tensao classe cor cor unica luva eletricista classe eletrica material borracha tipo isolante tamanho top www novohorizonteepi fuseaction produtos categoria
cor,luva latex descartavel cor cor unica luva tipo descartavel material latex
cor,luva latex forrada folk sim cor cor unica
cor,luva malha aco dedos direita cor cor unica
cor,luva malha aco dedos esquerda cor cor unica
cor,luva malha algodao cor cor unica marca elite
cor,luva microfone tam cor cor unica luva microfone tam
cor,luva neoprene tam cor cor unica
cor,luva neoprene tam cor cor unica
cor,luva altas temperaturas cor cor unica gamiluva
cor,luva pvc forro par cor cor unica folk folk luva pvc folk cano tamanho
cor,luva sensivel tam cor cor unica luva cor azul confeccionada intriga material sintetico livre proteinas latex natural nao esteril pulverizado amido ambidestra ponta dedos texturizadas caixa unidades
cor,luva sensivel tam cor cor unica luva cor azul confeccionada intriga material sintetico livre proteinas latex natural nao esteril pulverizado amido ambidestra ponta dedos texturizadas caixa unidades
cor,luva sensivel tam cor cor unica luva cor azul confeccionada intriga material sintetico livre proteinas latex natural nao esteril pulverizado amido ambidestra ponta dedos texturizadas caixa unidades
cor,luva sensivel tam cor cor unica luva cor azul confeccionada intriga material sintetico livre proteinas latex natural nao esteril pulverizado amido ambidestra ponta dedos texturizadas caixa unidades
cor,luvas procede latex cor cor unica
cor,luva tricotar algodao gripe tam cor cor unica folk uso reutilizvel formato anatmico estrutura suporte textil modelo estrutura tricotar material suporte algodao poliester punho tricotar gripe carregado russo
cor,luva tricotar algodao gripe tam cor cor unica folk uso reutilizvel formato anatmico estrutura suporte textil modelo estrutura tricotar material suporte algodao poliester punho tricotar gripe carregado russo
cor,luva tricotar polietileno cor cor unica luva tricotar polietileno
cor,luva tricotar nylon tam cor cor unica
cor,luva tricotar nylon tam cor cor unica danny
cor,luva tricotar nylon tam cor cor unica danny
cor,luva tricotar nylon microfone cor cor unica
cor,luva tricotar nylon microfone cor cor unica
cor,luva tricotar nylon microfone cor cor unica luva tricotar tamanho estrutura suporte textil modelo estrutura tricotar material suporte nylon sandes punho tricotar
cor,luva tricotar nylon microfone cor cor unica luva tricotar nylon microfone
cor,luva jaqueta refiro est cor cor unica luva jaqueta refiro est
cor,luva vermelha tecido tam cor cor unica
cor,luva vinil folk tam amido cor cor unica luva seguranca especificas registro avisa comprimento tamanhos uso descartavel formato ambidestro acabamento interno talco clonado punho viola apresentacao caixa unidades material resina indica fabricante folk
cor,luva vinil folk tam amido cor cor unica luva seguranca especificas registro avisa comprimento tamanhos uso descartavel formato ambidestro acabamento interno talco clonado punho viola apresentacao caixa unidades material resina indica fabricante folk
cor,luva vinil folk tam amido cor cor unica luva seguranca especificas registro avisa comprimento tamanhos uso descartavel formato ambidestro acabamento interno talco clonado punho viola apresentacao caixa unidades material resina indica fabricante folk
cor,luva vinil folk tam amido cor cor unica luva seguranca especificas registro avisa comprimento tamanhos uso descartavel formato ambidestro acabamento interno talco clonado punho viola apresentacao caixa unidades material resina indica fabricante folk
cor,luva vinil folk tam amido cor cor unica luva material vinil folk tamanho complemento amianto cor transparente
cor,luva vinil folk tam amido cor cor unica luva material vinil folk tamanho complemento amianto cor transparente quantidade caixa unidades
cor,par luva nitrilica tam cor cor unica
cor,par luva nitrilica tam cor cor unica
cor,par luva nitrilica tam cor cor unica
cor,par luva nitrilica tam cor cor unica
tam,luva latex forro amarela azul folk brasil tam tam
anel,luva projecto mecanica nylon nitrilica tamanho hyflex anel anel
anel,luva projecto mecanica nylon nitrilica tamanho hyflex anel anel
anel,luva projecto mecanica nylon nitrilica tamanho hyflex anel anel
anel,luva projecto mecanica nylon nitrilica tamanho hyflex anel anel
anel,luva projecto mecanica nylon nitrilica tamanho hyflex anel anel
anel,luva projecto mecanica nylon nitrilica tamanho hyflex anel anel
anel,luva projecto mecanica nylon nitrilica tamanho hyflex anel anel
anel,luva projecto mecanica nylon nitrilica tamanho hyflex anel anel
marca,luva borracha nitrilica luva seguranca borracha nitrlica revestimento interno antiderrapante palma face palmar dedos pontas dedos tam marca marca mapa danny prova
luva,luva luva sensilvolk cano longo amido azul tamanho
luva,luva luva sensilvolk cano longo amido azul tam
cor,bota bombeiro iso hbc cor cor unica bota bombeiro modelo hbc confeccao externa borracha vulcanizada confeccao interna espuma termina forro feltro fibras armada isolamento dieletrico certificado conformidade
cor,bota pvc cano longo tam cor cor unica bota material pvc cano longo cor preto tamanho
cor,bota pvc forro longo pta boca cor cor unica
cor,bota pvc forro longo pta boca cor cor unica
cor,bota pvc forro longo pta boca cor cor unica
cor,bota pvc forro longo pta boca cor cor unica
cor,bota pvc forro longo pta boca cor cor unica
cor,bota pvc forro longo pta boca cor cor unica
cor,jardineira bota pvc tam cor cor unica jardineira marca brascamp modelo ref site venci material pvc tamanho bota tamanho jardineira
cor,jardineira bota pvc tam xgg cor cor unica jardineira marca brascamp modelo ref site venci material pvc tamanho bota tamanho jardineira xgg
unica,caixa papel ondulado unica unica
unica,papel kart klabin unica unica
papel,papel papel sancionado ref hartmann braco
core,exp embalar papelao fsc ingles espanhol dimensoes xcm core core anyone preto calo outras core vinco dobra cor salmo anyone papel carro duplex conforme arte aprovada
core,exp embalar papelao fsc ingles espanhol dimensoes xcm core core anyone preto calo outras core vinco dobra cor salmo anyone papel carro duplex conforme arte aprovada
cor,alma papel cor cor unica alma material papel papelao aplicacao embalagem camisas geral dimensoes
cor,alma papel cor cor unica alma material papel papelao aplicacao embalagem camisas geral dimensoes
cor,alma papel cor cor unica alma material papel papelao aplicacao embalagem camisas geral dimensoes
cor,alma papel cor cor unica alma material papel papelao aplicacao embalagem camisas geral dimensoes
cor,bobina papel presente cor cor unica
cor,bobina papel presente cor cor unica
cor,caixa papelao ondulado cor cor unica
cor,caixa papel kart tamanho cor cor unica
cor,caixa papel presente espumante cor cor unica
cor,caixa papelao assento cor cor unica
cor,caixa papelao duplex cor cor unica caixa material papelao duplex acabamento onda peso espessura capacidade medidas
cor,caixa papelao lisa tam cor cor unica caixa onda suporta peso maximo empenhamento maximo caixas peso meio caixa ballet unir
cor,caixa papelao cabide cor cor unica
cor,caixa papelao prato cor cor unica
cor,caixa papelao sabonete cor cor unica
cor,capa dvd papel cor cor unica
cor,casinha mil madison papel parada coche cor cor unica
cor,cubo papel xcm cor cor unica cubo material papel dimensoes xcm ncm
cor,cubo papel xcm campanha enim mil cor cor unica cubo papel dimensoes xcm aplicacao cubo campanha enim mil monarca marca volto demais informes papel duplex micro ondulado cor core impresso complemento verniz protejo
cor,arquivo morto papelao cor cor unica
cor,arquivo morto papelao cor cor unica
cor,enfarte papel cor cor unica
cor,enfarte papel cor cor unica
cor,envelope mil papel verde creme cor cor unica
cor,envelope papel laranja xcm cor cor unica
cor,filtro papel cafeteira cor cor unica
cor,filtro papel branco cor cor unica filtro papel tamanho cor branco apresentacao embalagem
cor,mkt sacola papel base cor cor unica sacola material papel marca branco medidas complemento mono branco anseio fardos etiqueta base
cor,papel cor cor unica
cor,papel cor cor unica
cor,papel marfim cor cor unica
cor,papel amarelo cor cor unica papel tamanho prematura cor amarelo apresentacao pacote folhas
cor,papel cinza cor cor unica papel tamanho prematura cor cinza marca canso
cor,papel vermelho cor cor unica papel tamanho prematura cor vermelho apresentacao pacote folhas
cor,papel amarelo cor cor unica
cor,papel amarelo escuro cor cor unica
cor,papel azul cor cor unica
cor,papel azul cor cor unica
cor,papel cinza claro cor cor unica papel modelo cor cinza claro quantidade pct tipo reciclado
cor,papel reciclado cor cor unica papel tamanho complemento reciclado folhas folhas
cor,papel rosa cor cor unica
cor,papel rosa cor cor unica
cor,papel tirado grupo base cor cor unica
cor,papel verde cor cor unica
cor,papel verde cor cor unica
cor,papel cor cor unica papel tipo cor branca conteudo
cor,papel adesivo mkt cor cor unica
cor,papel adesivomkt cor cor unica
cor,papelao ondulado cor cor unica papelao tipo ondulado garamatura largura
cor,papel sublime cor cor unica papel medida material prematura grama minimo compra metro rolo
cor,papel sublime unica cor cor unica papel medida material prematura grama minimo compra metro rolo
cor,papel cartao cor cor unica papel cartao tamanho prematura
cor,papel cartao azul cor cor unica
cor,papel chamequinho verde cor cor unica
cor,papel renda branco dia cor cor unica
cor,papel kart eram cor cor unica
cor,papel kart grama cor cor unica
cor,papel kart cor cor unica papel material kart prematura formato apresentar bobina
cor,papel kart cor cor unica papel material kart prematura formato apresentacao bobina
cor,papel kart cor cor unica papel material kart prematura formato apresentacao bobina
cor,papel kart cor cor unica papel material kart prematura formato apresentar bobina
cor,papel kart grama poder cor cor unica
cor,papel kart puro pardo cor cor unica
cor,papel kart puro pardo cor cor unica
cor,papel monolucido cor cor unica
cor,papel namorado xre xcm cromos cor cor unica papel telefone furtar tipo namorado complemento xre dimensoes tamanho xcm quantidades pacote marca cromos
cor,papel pardo larga cor cor unica
cor,papel embrulho kart bobina cor cor unica
cor,papel perfurado largura grm cor cor unica
cor,papel perfurado eram cor cor unica
cor,papel perfurado pol kgp cor cor unica papel perfurado marca trato certo observar complementar furo triangular aplicar setor risco uso maquinas poster ncm grupo subgrupo
cor,papel perfurado eram cor cor unica
cor,papel ref tapete cor cor unica
cor,papel seda cor cor unica
cor,papel seda cor cor unica
cor,papel sub cor cor unica papel sub bnflex sim metro
cor,papel sub cor cor unica papel sub
cor,papel subligloss importa cor cor unica
cor,papel sul monolucido cor cor unica rolo metro
cor,papel sub monolucido unica cor cor unica rolo metro
cor,papel sub point cor cor unica rolo metro largura
cor,papel sub point unica cor cor unica rolo metro largura
cor,papel sub point cor cor unica
cor,papel sub point cor cor unica rolo metro largura
cor,papel sub point unica cor cor unica rolo metro largura
cor,papel sub sublime coldre cor cor unica rolo metro
cor,papel termo cor cor unica
cor,papel triple grace separar roupa cor cor unica
cor,papel fique rolo cor cor unica descrito fique rolo lote minimo lote economico leal time dia ten preso fabricante havia
cor,residuos papel qualidade cor cor unica
cor,residuos papelao qualidade cor cor unica referencia anterior
cor,residuos papelao qualidade cor cor unica referencia anterior
cor,sacola papel mania kid mpv cor cor unica sacola papel mania kid furo fita presente carro anseio pacote unidades material papel medidas xcm
cor,sacola papel mil cor cor unica
cor,sacola papel mil exportar cor cor unica sacola papel mil exportar
cor,sacola papel mil exportar cor cor unica sacola papel mil exportar
cor,sacola papel nada medo cor cor unica sacola papel nada medo
cor,sacola papel natal cor cor unica sacola papel natal
cor,sacola papel amora cor cor unica
cor,sacola papel base medo cor cor unica sacola marca base medidas material papel monolucido branco alma amarela anseio pacote
cor,sacola papel base medo cor cor unica sacola papel base medo unidade medida unir marca base medidas composto material mono branco ncm
cor,sacola papel base medo pct und cor cor unica unidade medida unir marca base medidas xmmxmm
cor,sacola papel base medo cor cor unica sacola papel base medo
cor,sacola papel base zoo cor cor unica sacola material papel kart branco prematura impressao cor alma torcida branca acabamentos nao medidas
cor,sacola papel mil medo cor cor unica sacola papel material offset cor cantores cor especial medida
cor,sacola papel mil medo cor cor unica sacola marca mil medidas material papel monolucido branco alma branca anseio pacote
cor,sacola papel mil medo cor cor unica sacola papel mil medo unidade medida unir marca mil medidas composto material mono branco ncm
cor,sacola papel mil medo cor cor unica sacola papel mil medidas composto material mono branco anseio fardos unidades etiquetas fornecidas base
cor,sacola papel mil medo cor cor unica sacola papel mil medo
cor,sacola papel mil poi cor cor unica sacola material papel kart branco prematura impressao cor alma torcida branca acabamentos nao medidas
cor,sacola papel mil cor cor unica sacola mil tamanho material papel
cor,sacola papel mil cor cor unica sacola mil tamanho material papel
cor,sacola papel nada medo cor cor unica sacola marca nada medidas material papel monolucido branco alma amarela anseio pacote
cor,sacola papel natal exportacao cor cor unica sacola natal complemento exportar medidas material papel monolucido branco alma branca acabamento ala torcida branca cor prematura ncm anseio pacotes unir
cor,sacola papel natal exportacao cor cor unica sacola papel tamanho impresso
cor,saco papel vamos brincar cor cor unica
cor,saquinho papel kart cor cor unica
cor,saquinho papel kart cor cor unica
cor,saquinho papel kart cor cor unica
cor,tabela medidas xcm papel cor cor unica
cor,tubo papelao cor cor unica
cor,tubo papelao cor cor unica
cor,urna papel exportacao cor cor unica urna material papel formato cor acabamento faca especial marca base complemento exportacao
cor,urna papel exportar cor cor unica urna exportar aplicar barco loja campanha natal formato material papel cor acabamento faca especial marca base
cor,urna papelao exp dolce avida cor cor unica urna material papelao formato cor acabamento faca especial marca base complemento exportacao campanha dolce novidade
fax,bobina papel fax fax point max point
lez,dispa papel lez lez sortido
caixa,caixa papel padre renal caixa caixa interna
folhas,papel vci folhas folhas vci imenso lote minimo folhas
volt,caixa papel motobomba shp utilizado ambo produtos volt volt medidas externas material onda simple carro duplex fechamento central impresso quatro core classificada cartoon reposition used both puma modelo shp volt and volt externa dimensional material single wall corrugated kart coming central printing four calor plasticized
volt,caixa papel reposto usada motobombas modelo ibox volt volt material onda dupla carro duplex medidas externas fechamento central impresso quatro core classificada cartoon reposition used both puma modelo ibox volt and volt material double wall corrugated kart externa dimensional closinig central printing four calor plasticized
calor,caixa papel microondulado classificado impresso quatro core medidas externas utilizado produto cardboard box corrugated micro cardboard printing four calor calor box externa mestres used produto
calor,caixa papelao micro ondulado classificado tipo fechamento manual impressao colorida medidas externas utilizada embalar carretel retrato metro revistado chulo jul ago caixa papel microondulado classificado impresso quatro core medidas externas utilizado produto cardboard box corrugated micro cardboard printing four calor calor box externa mestres used produto
calor,caixa papelao micro ondulado classificado tipo fechamento manual impressao colorida utilizada embalar carretel retrato metro revistado chulo jul ago caixa papel microondulado classificado impresso quatro core medidas externas utilizado produto cardboard box corrugated micro cardboard printing four calor calor box externa mestres used produto
calor,caixa papelao micro ondulado classificado tipo fechamento manual impressao colorida utilizada embalar carretel retrato metro revistado chulo jul ago caixa papel microondulado classificado impresso quatro core medidas externas utilizado produto cardboard box corrugated micro cardboard printing four calor calor box externa mestres used produto
calor,caixa papelao micro ondulado classificado tipo fechamento manual impressao colorida utilizada embalar carretel retrato metro revistado chulo jul ago caixa papel microondulado classificado impresso quatro core medidas externas utilizado produto cardboard box corrugated micro cardboard printing four calor calor box externa mestres used produto
kart,caixa papelao compressor csa litros medidas internas papelao onda dupla pardo kart kart fechamento inferior superior tipo maleta simple lateral colada cola instantanea ambo fechamento impressao air plus caixa papelao csa air plus description cardboard box compressor msa airplus colorido externa mestres cardboard nave double down kart kart coming puder and lower simple tape suitcase with pastel side instante blue both coming air plus printing cardboard box csa air plus
kart,caixa papelao motoesmeril chulo polegadas para medidas externas material kart kart duplex papelao onda fechamento superior inferior aba transpassada impressao monocromatico utilizado produtos codigos motoesmeril box black and white externa site material kart kart and papel tape nave printing black
kart,caixa papelao ondulado lixeira orbital colorida medidas externas material kart kart duplex papelao onda fechamento superior aba transpassada inferior aba simple impressao colorida cardboard box nave pad sandes colorido with externa mestres lento with high material kart kart cardboard duplex and nave coming top with tai pierced and botao with tai simple point calor use ref
kart,caixa papelao motoesmeril chulo polegadas para medidas externas material kart kart duplex papelao onda fechamento superior inferior aba transpassada impressao monocromatico utilizado produto codigo motoesmeril box black and white externa site material kart kart and papel tape nave printing black
kart,caixa papelao motoesmeril chulo polegadas para medidas externas material kart kart duplex papelao onda fechamento superior inferior aba transpassada impressao monocromatico utilizado produtos codigos motoesmeril box black and white externa site material kart kart and papel tape nave printing black
kart,caixa papelao ondulado estagios para medidas externas material kart kart papelao onda fechamento inferior superior aba transpassada parte inferior grampear inferior fita transparente impressao monogromtico utilizado reposicao produtos codigo cartoon state kart papel externa dimensional material kart papel single wall corrugated coming top and botao full over lap botao lap started and top lap with transparente tape printing one colou used reposition puma puma
ref,saco coletor papel figurante comprimento largura utilizado aspirador inclui cod ref papel just bag use evacuem clear hacker polo bag with sabe informing chulo pode revisao chulo mar abr saco papel retencao aspirador comprimento largura uso aspirador electro papel just bag ref ref fornecedor
bobina,bobina papel vci classificado bobina bobina papel vci classificado
xxx,caixa carro ondulado duplex papel ondulado tipo capacidade litros dimensoes xxx xxx xxx referencia colorida fechamento inferior superior aba transpassada parte inferior grampear inferior fita transparente doi pega mao besteira impressao quatro core classificado utilizado produtos codigo description cardboard box compressor msi airplus colorido externa mestres xxx xxx xxx material cara duplex corrugated cardboard coming puder and lower with overlapping flap botao started and transparente tape note paperboard cartoon handhold printing four calor plasticized cardboard pode used produto
xxx,caixa carro ondulado duplex papel ondulado tipo capacidade litros dimensoes xxx xxx xxx referencia colorida fechamento inferior superior aba transpassada parte inferior grampear inferior fita transparente doi pega mao besteira impressao quatro core classificado utilizado produtos codigo description cardboard box compressor msa airplus colorido externa mestres xxx xxx xxx material cara duplex corrugated cardboard coming puder and lower with overlapping flap botao started and transparente tape note paperboard cartoon handhold printing four calor plasticized cardboard pode used produto
kart,caixa papelao medidas internas maleta simple grampear confeccionada papelao duplo kart kart capa externa branco kkbc impressao preto doi pega mao besteira csa airplus codigo caixa papelao csa airplus
papel,caixa papel papel kart ondulacao simple tipo fechamento trespassado fundo tampa recorte tratamento impressao preta dimensoes usada motocompressor jet somar cod
volt,caixa papel microndulado classificado dimensoes referencia fornecedor wing lee hardware and electrica equipamento revistado martinelli incluido sistema caixa papel microndulado classificado impresso quatro core medidas externas utilizado produto volt volt air plus duo digo barras plasticized cardboard box printing four calor plasticized cardboard externa mestres pode used produto volt volt air plus duo bar pode produto
xxx,caixa papel microndulado classificado impresso quatro core medidas externas xxx xxx xxxmm utilizado produtos kit coletor nivel laser furadeiras digo barras
xxx,caixa papel microondulado classificado impresso quatro core medidas externas xxx xxx xxxmm utilizado produto
kart,caixa papelao medidas internas papelao onda dupla pardo kart kart fechamento inferior superior aba transpassadas pega mao impressao besteiras compressor csa litros
kart,caixa papelao ondulado curandeira impacto colorida medidas externas material kart kart duplex papelao onda fechamento superior inferior aba transpassada impressao colorida utilizado produtos cardboard box nave impacto will colorido with externa mestres lento with high material kart kart cardboard duplex and nave coming top and botao with tai pierced used produto and
kart,caixa papelao ondulado curandeira impacto colorida medidas externas material kart kart duplex papelao onda fechamento superior inferior aba transpassada impressao colorida utilizado produtos cardboard box nave impacto will colorido with externa mestres lento with high material kart kart cardboard duplex and nave coming top and botao with tai pierced used produto and
kart,caixa papelao ondulado pistola pintura air plus spray colorida medidas externas material kart kart duplex papelao onda fechamento superior inferior aba transpassada impressao colorida cardboard box nave gun saint air spray plus colorido with externa mestres lento with high material kart kart cardboard duplex and nave coming top and botao with tai pierced point calor use ref pode electrica saint spray gun help hand help voltagem
kart,caixa papelao ondulado pistola pintura air plus spray colorida medidas externas material kart kart duplex papelao onda fechamento superior inferior aba transpassada impressao colorida cardboard box nave gun saint air spray plus colorido with externa mestres lento with high material kart kart cardboard duplex and nave coming top and botao with tai pierced point calor use ref pld electrica saint spray gun help hand help voltagem
kart,caixa papelao ondulado pistola pintura air plus spray colorida medidas externas material kart kart duplex papelao onda fechamento superior inferior aba transpassada impressao colorida cardboard box nave gun saint air spray plus colorido with externa mestres lento with high material kart kart cardboard duplex and nave coming top and botao with tai pierced point calor use ref pld electrica saint spray gun help hand help voltagem
kart,caixa papelao ondulado transformador solda colorida medidas externas material kart kart duplex papelao onda fechamento superior inferior aba transpassada impressao colorida utilizado produto cod maquina transformador solda canal especial
kart,caixa papelao ondulado transformador solda colorida medidas externas material kart kart duplex papelao onda fechamento superior inferior aba transpassada impressao colorida utilizado produto cod maquina transformador solda canal especial
kart,caixa papelao ondulado transformador solda colorida medidas externas material kart kart duplex papelao onda fechamento superior inferior aba transpassada impressao colorida utilizado produto cod maquina transformador solda canal especial
kart,caixa papelao ondulado colorida medidas externas material kart kart duplex papelao onda fechamento conforme faca corte impressao quatro core soprador termino chulo utilizado produto codigo soprador termino cartoon heart gun modelo externa dimensional material single wall corrugated kart printing four calor plasticized produto volt heart gun modelo
kart,caixa papelao ondulado colorida medidas externas material kart kart duplex papelao onda fechamento superior inferior aba simple impressao quatro core motobomba shp utilizado produtos codigos shp cartoon puma shp externa dimensional material single wall corrugated kart coming central printing four calor plasticized used produto volt shp puma
kart,caixa papelao ondulado colorida medidas externas material kart kart duplex papelao onda fechamento conforme faca corte impressao quatro core esmerilhadeira angular polegadas motor eletrico incorporado potencia tensao utilizado produtos codigos cartoon anule grande externa dimensional material single wall corrugated kart coming printing four calor plasticized used produto anule grande
kart,caixa papelao ondulado colorida medidas externas material kart kart duplex papelao onda dupla fechamento superior inferior aba simple impressao quatro core motobomba ibox utilizado produtos codigos ibox cartoon reposition used both puma modelo ibox volt and volt material double wall corrugated kart externa dimensional closinig central printing four calor plasticized
kart,caixa papelao ondulado colorida medidas externas material kart kart duplex papelao onda dupla fechamento superior inferior aba transpassada impressao monocromatico lavadora alta pressao produto box black and white externa site material kart kart and papel tape nave printing black
kart,caixa papelao ondulado colorida medidas externas material kart kart duplex papelao onda fechamento conforme faca corte impressao quatro core carretel retrato air plus mangueira metro utilizado produto codigo cartoon retractable real externa dimensional material single wall corrugated kart coming printing four calor plasticized used produto retractable real modelo
kart,caixa papelao ondulado colorida medidas externas material kart kart duplex papelao onda fechamento conforme faca corte impressao quatro core politriz angular polegadas motor eletrico incorporado potencia tensao utilizado produtos codigos cartoon calor leve anule poliester externa dimensional printing four calor plasticized used produto and anule poliester
msc,caixa papelao ondulado impressao cor preta medidas internas aba transpassadas fundo encontrastes tampa papel material onda dupla kart prematura coluna kgf fechamento cola motobomba chulo msc msc
kart,caixa papelao ondulado impressao tesoura cortar vergalhao somar papelao onda dupla pardo kart kart impresso cor azul anyone utilizado produto digo barras description cardboard box rod and bar custar somar mestres cardboard nave double kart papel printing blue calor anyone pode used produto bar pode produto
kart,caixa papelao ondulado estampada colorida medidas externas material kart kart duplex papelao onda fechamento manual faca corte impressao quatro core lixeira orbital utilizado produtos codigos cartoon pad sandes externa dimensional material single wall corrugated kart coming printing four calor plasticized used produto pad sandes
kart,caixa papelao ondulado estampada colorida medidas externas material kart kart duplex papelao onda fechamento manual faca corte impressao quatro core nivel laser modelo utilizado produto codigo externa dimensional material single wall corrugated kart coming printing four calor plasticized used produto laser level modelo
kart,caixa papelao ondulado estampada colorida medidas externas material kart kart duplex papelao onda fechamento manual impressao quatro core chave impacto sfi composto utilizado produto codigo cartoon composto mini impacto french win haver modelo externa dimensional material single wall corrugated kart printing four calor plasticized produto
kart,caixa papelao ondulado estampada colorida medidas externas material kart kart duplex papelao onda fechamento manual impressao quatro core chave impacto sei composto conforme desenho utilizado produto chave impacto pneumatica sei manual composto cartoon composto impacto french win haver modelo sei composto externa dimensional material single wall corrugated kart printing four calor plasticized produto supplier rongpeng
kart,caixa papelao ondulado estampada colorida medidas externas material kart kart duplex papelao onda fechamento manual faca corte impressao quatro core kit aves compacto kit pistola utilizado produto codigo codigo barras produto externa dimensional material single wall corrugated kart coming printing four calor plasticized used produto kit aves compacto kit pistola
kart,caixa papelao ondulado estampada colorida medidas externas material kart kart duplex papelao onda fechamento manual impressao quatro core soprador termino chulo utilizado produto codigo soprador termino cartoon heart gun modelo acho externa dimensional material single wall corrugated kart printing four calor plasticized produto volt heart gun modelo acho
kart,caixa papelao ondulado estampada colorida medidas externas material kart kart duplex papelao onda fechamento manual impressao quatro core lavadora alta pressao hidrolav utilizado produto codigo cartoon high presume nascer bar max bar modelo externa dimensional material single wall corrugated kart printing four calor plasticized produto and
kart,caixa papelao ondulado estampada colorida medidas externas material kart kart duplex papelao onda fechamento manual impressao quatro core lavadora alta pressao hidrolav utilizado produto codigo cartoon high presume nascer bar max bar modelo externa dimensional material single wall corrugated kart printing four calor plasticized produto and
kart,caixa papelao ondulado estampada colorida medidas externas material kart kart duplex papelao onda fechamento manual impressao quatro core lavadora alta pressao hidrolav utilizado produto codigo cartoon high presume nascer bar max bar modelo externa dimensional material single wall corrugated kart printing four calor plasticized produto and
kart,caixa papelao ondulado estampada colorida medidas externas material kart kart duplex papelao onda fechamento manual faca corte impressao quatro core kit aves air kit pistolas utilizado produto codigo codigo barras produto externa dimensional material single wall corrugated kart coming printing four calor plasticized used produto kit aves air kit pistolas
kart,caixa papelao ondulado estampada colorida medidas externas material kart kart duplex papelao onda fechamento manual impressao quatro core lavadora alta pressao hidrolav utilizado produto codigo cartoon high presume nascer bar max bar modelo ltg externa dimensional material single wall corrugated kart printing four calor plasticized produto and
kart,caixa papelao ondulado estagios para medidas externas material kart kart papelao onda fechamento inferior superior aba transpassada parte inferior grampear inferior fita transparente impressao monogromtico utilizado reposicao produtos codigo cartoon state kart papel externa dimensional material kart papel single wall corrugated coming top and botao full over lap botao lap started and top lap with transparente tape printing one colou used reposition puma puma
kart,caixa papelao ondulado estagios para medidas externas material kart kart papelao onda fechamento inferior superior aba transpassada parte inferior grampear inferior fita transparente impressao monogromtico utilizado reposicao produtos codigo cartoon state kart papel externa dimensional material kart papel single wall corrugated coming top and botao full over lap botao lap started and top lap with transparente tape printing one colou used reposition puma puma
kart,caixa papelao ondulado estagios para medidas externas material kart kart papelao onda fechamento inferior superior aba transpassada parte inferior grampear inferior fita transparente impressao monogromtico utilizado reposicao produtos codigo cartoon state kart papel externa dimensional material kart papel single wall corrugated coming top and botao full over lap botao lap started and top lap with transparente tape printing one colou used reposition puma puma
kart,caixa papelao ondulado estagios para medidas externas material kart kart papelao onda fechamento inferior superior aba transpassada parte inferior grampear inferior fita transparente impressao monogromtico utilizado reposicao produtos codigo cartoon state kart papel externa dimensional material kart papel single wall corrugated coming top and botao full over lap botao lap started and top lap with transparente tape printing one colou used reposition puma puma
kart,caixa papelao ondulado estagios para medidas externas material kart kart papelao onda fechamento inferior superior aba transpassada parte inferior grampear inferior fita transparente impressao monogromtico utilizado reposicao produtos codigo cartoon state kart papel externa dimensional material kart papel single wall corrugated coming top and botao full over lap botao lap started and top lap with transparente tape printing one colou used reposition puma puma
kart,caixa papelao ondulado estagios para medidas externas material kart kart papelao onda fechamento inferior superior aba transpassada parte inferior grampear inferior fita transparente impressao monogromtico utilizado reposicao produtos codigo cartoon state kart papel externa dimensional material kart papel single wall corrugated coming top and botao full over lap botao lap started and top lap with transparente tape printing one colou used reposition puma puma
xxxmm,caixa papelao ondulado estagios para medidas externas xxxmm xxxmm material kart kart papelao onda fechamento inferior superior aba transpassada parte inferior grampear inferior fita transparente impressao monogromtico utilizado reposicao produtos codigo cartoon state kart papel externa dimensional material kart papel single wall corrugated coming top and botao full over lap botao lap started and top lap with transparente tape printing one colou used reposition puma puma
kart,caixa papelao ondulado estagios para medidas externas material kart kart papelao onda fechamento inferior superior aba transpassada parte inferior grampear inferior fita transparente impressao monogromtico utilizado reposicao produtos codigo cartoon state kart papel externa dimensional material kart papel single wall corrugated coming top and botao full over lap botao lap started and top lap with transparente tape printing one colou used reposition puma puma
kart,caixa papelao balance para medidas externas material kart kart duplex papelao onda fechamento superior inferior aba transpassada parte lateral grampear superior inferior fita transparente impressao monogromatica utilizado produto codigo balance hsb box black and white externa site material kart kart and papel tape nave printing black and white
kart,caixa papelao estagios para medidas externas material kart kart papelao onda fechamento inferior superior aba transpassada parte inferior grampear inferior fita transparente impressao monogromtico utilizado produtos codigo box black and white externa site material kart kart and papel tape nave printing black and white used reposition puma state three phaser puma state three phaser puma state single phaser
kart,caixa papelao estagios para medidas externas material kart kart papelao onda fechamento inferior superior aba transpassada parte inferior grampear inferior fita transparente impressao monogromtico utilizado produtos codigo cartoon state kart papel externa dimensional material kart papel single wall corrugated coming top and botao full over lap botao lap started and top lap with transparente tape printing one colou used reposition puma puma
kart,caixa papelao estagios para medidas externas material kart kart papelao onda fechamento inferior superior aba transpassada parte inferior grampear inferior fita transparente impressao monogromtico utilizado produtos codigo
kart,caixa papelao estagios para medidas externas material kart kart papelao onda fechamento inferior superior aba transpassada parte inferior grampear inferior fita transparente impressao monogromtico utilizado produtos codigo
kart,caixa papelao estagios para medidas externas material kart kart papelao onda fechamento inferior superior aba transpassada parte inferior grampear inferior fita transparente impressao monogromtico utilizado produtos codigo box black and white externa site material kart kart and papel tape nave printing black and white used reposition puma state single phaser puma state single phaser puma state three phaser puma state three phaser puma state single phaser puma
puma,caixa papelao estagios monofsica para medidas externas material kart papelao onda fechamento inferior superior aba transpassada parte inferior grampear inferior fita transparente impressao monogromtico utilizado produtos codigo cartoon state single phaser kart papel externa dimensional material kart papel and single wall corrugated coming top and botao full over lap top lap with transparente tape and botao lap started printing one colou used reposition puma puma puma puma puma puma
kart,caixa papelao estagios para medidas externas material kart kart papelao onda fechamento inferior superior aba transpassada parte inferior grampear inferior fita transparente impressao monogromtico utilizado produtos codigo
kart,caixa papelao estagios para medidas externas material kart kart papelao onda fechamento inferior superior aba transpassada parte inferior grampear inferior fita transparente impressao monogromtico utilizado produtos codigo
kart,caixa papelao estagios para medidas externas material kart kart papelao onda fechamento inferior superior aba transpassada parte inferior grampear inferior fita transparente impressao monogromtico utilizado produtos codigo
kart,caixa papelao estagios para medidas externas material kart kart papelao onda fechamento inferior superior aba transpassada parte inferior grampear inferior fita transparente impressao monogromtico utilizado produtos codigo
kart,caixa papelao estagios para medidas externas material kart kart papelao onda fechamento inferior superior aba transpassada parte inferior grampear inferior fita transparente impressao monogromtico utilizado produtos codigo
kart,caixa papelao estagios para medidas externas material kart kart papelao onda fechamento inferior superior aba transpassada parte inferior grampear inferior fita transparente impressao monogromtico utilizado produtos codigo
xxx,caixa papelao compactkit medidas xxx xxx xxx duplex cartao micro ondulado impressao quatro core verniz conforme peca padrao pap compactkit
kart,caixa papelao compressor csa litros medidas internas papelao onda dupla pardo kart kart fechamento inferior superior tipo maleta simple lateral colada cola instantanea ambo fechamento impressao pratica air caixa papelao csa pratica air
kart,caixa papelao compressor csa litros medidas internas papelao onda dupla pardo kart kart fechamento inferior superior tipo maleta simple lateral colada cola instantanea ambo fechamento impressao pratica air caixa papelao csa pratica air
xxxmm,caixa papelao compressor csatwister litros medidas internas xxxmm xxxmm xxxmm papelao onda dupla pardo kart kart fechamento inferior superior tipo maleta simple lateral colada cola instantanea ambo fechamento impressao twitter caixa papelao csatwister
kart,caixa papelao compressor csa litros medidas internas papelao onda dupla pardo kart kart fechamento inferior superior tipo maleta simple lateral colada cola instantanea ambo fechamento impressao airplus caixa papelao csa airplus
xxxmm,caixa papelao compressor csa litros medidas internas xxxmm xxxmm xxxmm papelao onda dupla pardo kart kart fechamento inferior superior tipo maleta simple lateral colada cola instantanea ambo fechamento impressao pratica air caixa papelao csa pratica air
xxxmm,caixa papelao compressor csa litros medidas internas xxxmm xxxmm xxxmm papelao onda dupla pardo kart kart fechamento inferior superior tipo maleta simple lateral colada cola instantanea ambo fechamento impressao pratica air caixa papelao csa pratica air
volt,caixa papel motobomba modelo shp volt volt medidas externas material onda dupla carro duplex fechamento central impresso quatro core classificada cartoon reposition used both puma modelo shp volt and volt externa dimensional material double wall corrugated kart coming central printing four calor plasticized
shp,caixa papel motobomba shp motor tensao unica medidas externas material onda simple carro duplex fechamento central impresso quatro core utilizado produto volt motobomba shp cartoon puma shp shp externa dimensional material single wall corrugated kart coming central printing four calor plasticized
kart,caixa papelao motoesmeril chulo polegadas para medidas externas material kart kart duplex papelao onda fechamento superior inferior aba transpassada impressao monocromatico utilizado produto codigo motoesmeril box black and white externa site material kart kart and papel tape nave printing black
kart,caixa papelao motoesmeril chulo polegadas para medidas externas material kart kart duplex papelao onda fechamento superior inferior aba transpassada impressao monocromatico
kart,caixa papelao motoesmeril chulo polegadas para medidas externas material kart kart duplex papelao onda fechamento superior inferior aba transpassada impressao monocromatico utilizado produtos codigos motoesmeril box black and white externa site material kart kart and papel tape nave printing black
volt,caixa papel reposicao usada motobombas modelo ibox volt volt medidas externas material onda simple carro duplex fechamento central impresso quatro core classificada cartoon reposition used both puma modelo ibox volt and volt externa dimensional material single wall corrugated kart coming central printing four calor plasticized
volt,caixa papel reposicao usada motobombas modelo sub ibox volt volt medidas externas material onda simple carro duplex fechamento central impresso quatro core classificada cartoon reposition used both puma modelo sub ibox volt volt externa dimensional xmm material single wall corrugated kart coming central printing four calor plasticized
volt,caixa papel reposition usada motobombas modelo volt volt medidas externas material onda simple carro duplex fechamento central impresso quatro core classificada cartoon reposition used both puma modelo volt volt externa dimensional material single wall corrugated kart coming central printing four calor plasticized
kart,caixa papelao tornado pneumatico colorida medidas externas material kart kart duplex papelao onda fechamento superior inferior aba transpassada parte inferior montagem aba automatica superior aba trava impressao colorida utilizado produto codigo tornado pneumatico cardboard box colorido externa site material kart kart and papel tape nave rating four calor plasticized cardboard
kart,caixa papelao para medidas externas material kart kart papelao onda fechamento inferior superior aba transpassada parte inferior grampear inferior fita transparente impressao monogromtico utilizado produtos modelo estagios codigos abaixo cartoon state kart papel externa dimensional material kart papel single wall corrugated coming top and botao full over lap botao lap started and top lap with transparente tape printing one colou used reposition puma puma puma puma puma puma
kart,caixa papelao para medidas externas material kart kart papelao onda fechamento inferior superior aba transpassada parte inferior grampear inferior fita transparente impressao monogromtico utilizado produtos modelo estagios codigos abaixo cartoon and state kart papel externa dimensional material kart papel and single boa corugated coming top and botao full over lap botao lap started and top lap with transparente tape printing one colou used reposition puma puma puma puma puma puma
kart,caixa papel eixo multidao embalagem papel duplo cafe aba transpassadas medidas internas milimetros material kart kart tipo onda dupla prematura coluna mulher
kart,caixa papel eixo multidao embalagem papel duplo cafe aba transpassadas medidas internas milimetros material kart kart tipo onda dupla prematura coluna mulher
kart,caixa papel eixo multidao embalagem papel duplo cafe aba transpassadas medidas internas milimetros material kart kart tipo onda dupla prematura coluna mulher
kart,caixa papel eixo multidao embalagem papel duplo cafe aba transpassadas medidas internas milimetros material kart kart tipo onda dupla prematura coluna mulher
kart,caixa papel eixo multidao embalagem papel duplo cafe aba transpassadas medidas internas milimetros material kart kart tipo onda dupla prematura coluna mulher
kart,caixa papel eixo multidao embalagem papel duplo cafe aba transpassadas medidas internas milimetros material kart kart tipo onda dupla prematura coluna mulher
kart,caixa papel eixo multidao embalagem papel duplo cafe aba transpassadas medidas internas milimetros material kart kart tipo onda dupla prematura coluna mulher
shx,caixa papelao shx shx somar embalagem papelao duplo cafe aba transpassadas medidas internas conforme desenho fornecedor flashback fornecedor embalplan
papelao,caixa papelao papelao onda dupla pardo kart kart tipo fechamento manual impressao colorida cor azul anyone medidas externas utilizada embalar tesoura cortar vergalhao utilizado produto digo barras description cardboard box rod and bar custar somar mestres cardboard nave double kart papel printing blue calor anyone pode used produto bar pode produto revistado chulo nov dez caixa papelao tesoura cortar vergalhao somar medidas papelao onda dupla pardo kart kart impresso cor azul anyone utilizado produto digo barras description cardboard box rod and bar custar somar mestres
papelao,caixa papelao papelao onda dupla pardo kart kart tipo fechamento manual impressao colorida cor azul anyone medidas externas utilizada embalar tesoura cortar vergalhao utilizado produto digo barras description cardboard box rod and bar custar somar mestres cardboard nave double kart papel printing blue calor anyone pode used produto bar pode produto revistado chulo nov dez caixa papelao tesoura cortar vergalhao somar medidas papelao onda dupla pardo kart kart impresso cor azul anyone utilizado produto digo barras description cardboard box rod and bar custar somar mestres
papelao,caixa papelao papelao onda dupla pardo kart kart tipo fechamento manual impressao colorida cor azul anyone medidas externas utilizada embalar tesoura cortar vergalhao utilizado produto digo barras description cardboard box rod and bar custar somar mestres cardboard nave double kart papel printing blue calor anyone pode used produto bar pode produto revistado chulo nov dez caixa papelao tesoura cortar vergalhao somar medidas papelao onda dupla pardo kart kart impresso cor azul anyone utilizado produto digo barras description cardboard box rod and bar custar somar mestres
cqm,caixa papelao micro ondulado plana papel kart cor para branca tipo fechamento manual fundo semi automatico impresso utilizada embalagem itens diversos dimensoes externa interna caixa papel microondulado impresso branca medidas externas utilizado produto cqm cqm cardboard box corrugated micro cardboard printing white externa mestres used produto cqm and cqm
calor,caixa papelao microondulado classificado plana fechamento manual trespassado impressao quatro core embalagem produto motoesmeril medidas externas cardboard box corrugated micro cardboard printing four calor calor box externa mestres used pode
calor,caixa papelao microondulado classificado plana fechamento manual trespassado impressao quatro core embalagem produto motoesmeril medidas externas usado reposicao embalagem usado motoesmeril usado motoesmeril cardboard box corrugated micro cardboard printing four calor calor box externa mestres used reposition used pode used pode
calor,caixa papelao microondulado classificado plana fechamento manual trespassado impressao quatro core embalagem produto motoesmeril medidas externas cardboard box corrugated micro cardboard printing four calor calor box externa mestres used pode
calor,caixa papelao microondulado classificado plana fechamento manual trespassado impressao quatro core embalagem produto motoesmeril medidas externas usado reposicao embalagem usado motoesmeril usado motoesmeril cardboard box corrugated micro cardboard printing four calor calor box externa mestres used reposition used pode used pode
calor,caixa papelao micro ondulado classificado tipo fechamento manual impressao colorida medidas externas utilizada embalar pistola pintura spp revistado chulo jul ago caixa papel microondulado classificado impresso quatro core medidas externas utilizado produto cardboard box corrugated micro cardboard printing four calor calor box externa mestres used produto
calor,caixa papelao micro ondulado classificado tipo fechamento manual impressao colorida medidas externas utilizada embalar pistola pintura spp alvo revistado chulo jul ago caixa papel microondulado classificado impresso quatro core medidas externas utilizado produto cardboard box corrugated micro cardboard printing four calor calor box externa mestres used produto
calor,caixa papelao micro ondulado classificado tipo fechamento manual impressao colorida medidas externas utilizada embalar pistola pintura spp revistado chulo jul ago caixa papel microondulado classificado impresso quatro core medidas externas utilizado produto cardboard box corrugated micro cardboard printing four calor calor box externa mestres used produto
calor,caixa papelao micro ondulado classificado tipo fechamento manual impressao colorida medidas externas utilizada embalar pistola pintura spp alvo revistado chulo jul ago caixa papel microondulado classificado impresso quatro core medidas externas utilizado produto cardboard box corrugated micro cardboard printing four calor calor box externa mestres used produto
calor,caixa papelao micro ondulado classificado tipo fechamento manual impressao colorida medidas externas utilizada embalar carretel retrato metro revistado chulo jul ago caixa papel microondulado classificado impresso quatro core medidas externas utilizado produto cardboard box corrugated micro cardboard printing four calor calor box externa mestres used produto
compacto,caixa papelao micro ondulado classificado tipo fechamento manual impressao colorida medidas externas utilizada embalar maquina transformador solda compacto compacto revistado chulo jul ago caixa papel microondulado classificado impresso quatro core medidas externas utilizado produto cardboard box corrugated micro cardboard printing four calor externa mestres used produto
compacto,caixa papelao micro ondulado classificado tipo fechamento manual impressao colorida medidas externas utilizada embalar maquina transformador solda compacto compacto revistado chulo jul ago caixa papel microondulado classificado impresso quatro core medidas externas utilizado produto cardboard box corrugated micro cardboard printing four calor externa mestres used produto
calor,caixa papelao micro ondulado classificado tipo fechamento manual impressao colorida utilizada embalar carretel retrato revistado chulo jul ago caixa papel microondulado classificado impresso quatro core medidas externas utilizado produto cardboard box corrugated micro cardboard printing four calor calor box externa mestres used produto
kart,caixa papelao ondulado moto esteril chulo pol tensao unica colorida medidas externas material kart kart duplex papelao onda fechamento superior inferior aba transpassada impressao colorida codigo produtos
csw,conjunto junta vedes papelao hidraulico teadit amianto fibra armada borracha nbr unidades acompanha etiqueta filme pvc cartel embalagem vedes oleo compressor sep junta superior kit compressor csw csw ponto desmontado sep
csw,conjunto junta vedes papelao hidraulico teadit amianto fibra armada borracha nbr unidades vedes oleo compressor embalado cartel papelao junta superior kit compressor csw csw ponto
smg,junta cartao papelao alta temperatura vedacao gas oleo motor inicio centelha combustao fabricante lucian junta silencioso cod uso motor gerador smg smg buffer basket cod aplicacao gerador eletrico smg smg fabricante lucian
smg,junta cartao papelao alta temperatura vedacao gas oleo motor inicio centelha combustao fabricante lucian junta silencioso cod uso motor gerador smg smg buffer basket cod aplicacao gerador eletrico smg smg fabricante lucian
msv,junta papelao hidraulico amianto fibra celulas borracha nbr espessura limites temperatura pressao maxima bar vedacao passagem oleo cilindro motocompressor modelo msv msv conforme desenho
smg,junta papelao hidraulico vedacoes liquidar alojadas carburador motor inicio centelha combustao fornecedor lucian junta carburador filtro uso motor gerador smg smg composto junta filtro borracha cod junta papelao hidraulico cod junta papelao hidraulico conector carburador cod carburador basket set with air clear hacking cod kit with papel carburador hacking cod carburador connecting hacking cod aplicacao gerador eletrico smg smg fabricante lucian
grama,reforco papelao caixa jet master colorida confeccionado papelao ondulado onda simple osk prematura grama grama corte vinco colada reforco papelao jet master
xxx,caixa papelao compactkit medidas xxx xxx xxx duplex cartao micro ondulado impressao quatro core verniz conforme peca padrao pap compactkit
xxx,caixa papel microondulado classificado impresso quatro core medidas externas xxx xxx xxxmm utilizado produto
volt,caixa papel microndulado classificado dimensoes referencia fornecedor wing lee hardware and electrica equipamento revistado martinelli incluido sistema caixa papel microndulado classificado impresso quatro core medidas externas utilizado produto volt volt air plus duo digo barras plasticized cardboard box printing four calor plasticized cardboard externa mestres pode used produto volt volt air plus duo bar pode produto
volt,caixa papel motobomba shp utilizado ambo produtos volt volt medidas externas material onda simple carro duplex fechamento central impresso quatro core classificada cartoon reposition used both puma modelo shp volt and volt externa dimensional material single wall corrugated kart coming central printing four calor plasticized
volt,caixa papel reposto usada motobombas modelo ibox volt volt material onda dupla carro duplex medidas externas fechamento central impresso quatro core classificada cartoon reposition used both puma modelo ibox volt and volt material double wall corrugated kart externa dimensional closinig central printing four calor plasticized
volt,caixa papel reposicao usada motobombas modelo ibox volt volt medidas externas material onda simple carro duplex fechamento central impresso quatro core classificada cartoon reposition used both puma modelo ibox volt and volt externa dimensional material single wall corrugated kart coming central printing four calor plasticized
volt,caixa papel reposicao usada motobombas modelo sub ibox volt volt medidas externas material onda simple carro duplex fechamento central impresso quatro core classificada cartoon reposition used both puma modelo sub ibox volt volt externa dimensional xmm material single wall corrugated kart coming central printing four calor plasticized
calor,caixa papel microondulado classificado impresso quatro core medidas externas utilizado produto cardboard box corrugated micro cardboard printing four calor calor box externa mestres used produto
xxx,caixa papel microndulado classificado impresso quatro core medidas externas xxx xxx xxxmm utilizado produtos kit coletor nivel laser furadeiras digo barras
puma,caixa papelao estagios monofsica para medidas externas material kart papelao onda fechamento inferior superior aba transpassada parte inferior grampear inferior fita transparente impressao monogromtico utilizado produtos codigo cartoon state single phaser kart papel externa dimensional material kart papel and single wall corrugated coming top and botao full over lap top lap with transparente tape and botao lap started printing one colou used reposition puma puma puma puma puma
kart,caixa papelao para medidas externas material kart kart papelao onda fechamento inferior superior aba transpassada parte inferior grampear inferior fita transparente impressao monogromtico utilizado produtos modelo estagios codigos abaixo cartoon state kart papel externa dimensional material kart papel single wall corrugated coming top and botao full over lap botao lap started and top lap with transparente tape printing one colou used reposition puma puma puma puma puma puma
kart,caixa papelao para medidas externas material kart kart papelao onda fechamento inferior superior aba transpassada parte inferior grampear inferior fita transparente impressao monogromtico utilizado produtos modelo estagios codigos abaixo cartoon and state kart papel externa dimensional material kart papel and single boa corugated coming top and botao full over lap botao lap started and top lap with transparente tape printing one colou used reposition puma puma puma puma puma
kart,caixa papelao estagios para medidas externas material kart kart papelao onda fechamento inferior superior aba transpassada parte inferior grampear inferior fita transparente impressao monogromtico utilizado produtos codigo box black and white externa site material kart kart and papel tape nave printing black and white used reposition puma state single phaser puma state single phaser puma state three phaser puma state three phaser puma state single phaser
compacto,caixa papelao micro ondulado classificado tipo fechamento manual impressao colorida medidas externas utilizada embalar maquina transformador solda compacto compacto revistado chulo jul ago caixa papel microondulado classificado impresso quatro core medidas externas utilizado produto cardboard box corrugated micro cardboard printing four calor externa mestres used produto
kart,caixa papelao compressor csa litros medidas internas papelao onda dupla pardo kart kart fechamento inferior superior tipo maleta simple lateral colada cola instantanea ambo fechamento impressao air plus caixa papelao csa air plus description cardboard box compressor msa airplus colorido externa mestres cardboard nave double down kart kart coming puder and lower simple tape suitcase with pastel side instante blue both coming air plus printing cardboard box csa air plus
xxx,caixa carro ondulado duplex papel ondulado tipo capacidade litros dimensoes xxx xxx xxx referencia colorida fechamento inferior superior aba transpassada parte inferior grampear inferior fita transparente doi pega mao besteira impressao quatro core classificado utilizado produtos codigo description cardboard box compressor msi airplus colorido externa mestres xxx xxx xxx material cara duplex corrugated cardboard coming puder and lower with overlapping flap botao started and transparente tape note paperboard cartoon handhold printing four calor plasticized cardboard pode used produto
kart,caixa papelao estagios para medidas externas material kart kart papelao onda fechamento inferior superior aba transpassada parte inferior grampear inferior fita transparente impressao monogromtico utilizado produtos codigo cartoon state kart papel externa dimensional material kart papel single wall corrugated coming top and botao full over lap botao lap started and top lap with transparente tape printing one colou used reposition puma puma
compacto,caixa papelao micro ondulado classificado tipo fechamento manual impressao colorida medidas externas utilizada embalar maquina transformador solda compacto compacto revistado chulo jul ago caixa papel microondulado classificado impresso quatro core medidas externas utilizado produto cardboard box corrugated micro cardboard printing four calor externa mestres used produto
kart,caixa papelao estagios para medidas externas material kart kart papelao onda fechamento inferior superior aba transpassada parte inferior grampear inferior fita transparente impressao monogromtico utilizado produtos codigo box black and white externa site material kart kart and papel tape nave printing black and white used reposition puma state three phaser puma state three phaser puma state single phaser
kart,caixa papelao balance para medidas externas material kart kart duplex papelao onda fechamento superior inferior aba transpassada parte lateral grampear superior inferior fita transparente impressao monogromatica utilizado produto codigo balance hsb box black and white externa site material kart kart and papel tape nave printing black and white
kart,caixa papelao tornado pneumatico colorida medidas externas material kart kart duplex papelao onda fechamento superior inferior aba transpassada parte inferior montagem aba automatica superior aba trava impressao colorida utilizado produto codigo tornado pneumatico cardboard box colorido externa site material kart kart and papel tape nave rating four calor plasticized cardboard
kart,caixa papelao motoesmeril chulo polegadas para medidas externas material kart kart duplex papelao onda fechamento superior inferior aba transpassada impressao monocromatico utilizado produto codigo motoesmeril box black and white externa site material kart kart and papel tape nave printing black
kart,caixa papelao motoesmeril chulo polegadas para medidas externas material kart kart duplex papelao onda fechamento superior inferior aba transpassada impressao monocromatico utilizado produtos codigos motoesmeril box black and white externa site material kart kart and papel tape nave printing black
kart,caixa papelao motoesmeril chulo polegadas para medidas externas material kart kart duplex papelao onda fechamento superior inferior aba transpassada impressao monocromatico
kart,caixa papelao ondulado pistola pintura air plus spray colorida medidas externas material kart kart duplex papelao onda fechamento superior inferior aba transpassada impressao colorida cardboard box nave gun saint air spray plus colorido with externa mestres lento with high material kart kart cardboard duplex and nave coming top and botao with tai pierced point calor use ref pld electrica saint spray gun help hand help voltagem
kart,caixa papelao ondulado pistola pintura air plus spray colorida medidas externas material kart kart duplex papelao onda fechamento superior inferior aba transpassada impressao colorida cardboard box nave gun saint air spray plus colorido with externa mestres lento with high material kart kart cardboard duplex and nave coming top and botao with tai pierced point calor use ref pld electrica saint spray gun help hand help voltagem
kart,caixa papelao ondulado pistola pintura air plus spray colorida medidas externas material kart kart duplex papelao onda fechamento superior inferior aba transpassada impressao colorida cardboard box nave gun saint air spray plus colorido with externa mestres lento with high material kart kart cardboard duplex and nave coming top and botao with tai pierced point calor use ref pode electrica saint spray gun help hand help voltagem
kart,caixa papelao ondulado moto esteril chulo tensao unica colorida medidas externas material kart kart duplex papelao onda fechamento superior inferior aba transpassada impressao colorida codigo produtos cardboard box nave banco grande colorido with externa mestres lento with high material kart kart cardboard duplex and nave coming top and botao with tai pierced point calor use ref mdk banco grande voltagem and
calor,caixa papelao microondulado classificado plana fechamento manual trespassado impressao quatro core embalagem produto motoesmeril medidas externas cardboard box corrugated micro cardboard printing four calor calor box externa mestres used pode
calor,caixa papelao microondulado classificado plana fechamento manual trespassado impressao quatro core embalagem produto motoesmeril medidas externas cardboard box corrugated micro cardboard printing four calor calor box externa mestres used pode
kart,caixa papelao motoesmeril chulo polegadas para medidas externas material kart kart duplex papelao onda fechamento superior inferior aba transpassada impressao monocromatico utilizado produto codigo motoesmeril box black and white externa site material kart kart and papel tape nave printing black
kart,caixa papelao motoesmeril chulo polegadas para medidas externas material kart kart duplex papelao onda fechamento superior inferior aba transpassada impressao monocromatico utilizado produtos codigos motoesmeril box black and white externa site material kart kart and papel tape nave printing black
kart,caixa papel eixo multidao embalagem papel duplo cafe aba transpassadas medidas internas milimetros material kart kart tipo onda dupla prematura coluna mulher
kart,caixa papel eixo multidao embalagem papel duplo cafe aba transpassadas medidas internas milimetros material kart kart tipo onda dupla prematura coluna mulher
kart,caixa papel eixo multidao embalagem papel duplo cafe aba transpassadas medidas internas milimetros material kart kart tipo onda dupla prematura coluna mulher
kart,caixa papel eixo multidao embalagem papel duplo cafe aba transpassadas medidas internas milimetros material kart kart tipo onda dupla prematura coluna mulher
kart,caixa papel eixo multidao embalagem papel duplo cafe aba transpassadas medidas internas milimetros material kart kart tipo onda dupla prematura coluna mulher
kart,caixa papel eixo multidao embalagem papel duplo cafe aba transpassadas medidas internas milimetros material kart kart tipo onda dupla prematura coluna mulher
kart,caixa papel eixo multidao embalagem papel duplo cafe aba transpassadas medidas internas milimetros material kart kart tipo onda dupla prematura coluna mulher
ref,saco coletor papel figurante comprimento largura utilizado aspirador inclui cod ref papel just bag use evacuem clear hacker polo bag with sabe informing chulo pode revisao chulo mar abr saco papel retencao aspirador comprimento largura uso aspirador electro papel just bag ref ref fornecedor
bobina,bobina papel vci classificado bobina bobina papel vci classificado
lado,caixa camara tipo forum lado formato duplex core lado microondulado chapa papelao onda lado formato duplex core lado microondulado chapa papelao onda verniz lado lado calculo mim
xxx,caixa carro ondulado duplex papel ondulado tipo capacidade litros dimensoes xxx xxx xxx referencia colorida fechamento inferior superior aba transpassada parte inferior grampear inferior fita transparente doi pega mao besteira impressao quatro core classificado utilizado produtos codigo description cardboard box compressor msa airplus colorido externa mestres xxx xxx xxx material cara duplex corrugated cardboard coming puder and lower with overlapping flap botao started and transparente tape note paperboard cartoon handhold printing four calor plasticized cardboard pode used produto
kart,caixa papelao medidas internas maleta simple grampear confeccionada papelao duplo kart kart capa externa branco kkbc impressao preto doi pega mao besteira csa airplus codigo caixa papelao csa airplus
kart,caixa papelao medidas internas papelao onda dupla pardo kart kart fechamento inferior superior aba transpassadas pega mao impressao besteiras compressor csa litros
kart,caixa papelao ondulado transformador solda colorida medidas externas material kart kart duplex papelao onda fechamento superior inferior aba transpassada impressao colorida utilizado produto cod maquina transformador solda canal especial
kart,caixa papelao ondulado transformador solda colorida medidas externas material kart kart duplex papelao onda fechamento superior inferior aba transpassada impressao colorida utilizado produto cod maquina transformador solda canal especial
kart,caixa papelao ondulado transformador solda colorida medidas externas material kart kart duplex papelao onda fechamento superior inferior aba transpassada impressao colorida utilizado produto cod maquina transformador solda canal especial
xxxmm,caixa papelao ondulado estagios para medidas externas xxxmm xxxmm material kart kart papelao onda fechamento inferior superior aba transpassada parte inferior grampear inferior fita transparente impressao monogromtico utilizado reposicao produtos codigo cartoon state kart papel externa dimensional material kart papel single wall corrugated coming top and botao full over lap botao lap started and top lap with transparente tape printing one colou used reposition puma puma
kart,caixa papelao estagios para medidas externas material kart kart papelao onda fechamento inferior superior aba transpassada parte inferior grampear inferior fita transparente impressao monogromtico utilizado produtos codigo
kart,caixa papelao estagios para medidas externas material kart kart papelao onda fechamento inferior superior aba transpassada parte inferior grampear inferior fita transparente impressao monogromtico utilizado produtos codigo
kart,caixa papelao estagios para medidas externas material kart kart papelao onda fechamento inferior superior aba transpassada parte inferior grampear inferior fita transparente impressao monogromtico utilizado produtos codigo
kart,caixa papelao estagios para medidas externas material kart kart papelao onda fechamento inferior superior aba transpassada parte inferior grampear inferior fita transparente impressao monogromtico utilizado produtos codigo
kart,caixa papelao estagios para medidas externas material kart kart papelao onda fechamento inferior superior aba transpassada parte inferior grampear inferior fita transparente impressao monogromtico utilizado produtos codigo
kart,caixa papelao estagios para medidas externas material kart kart papelao onda fechamento inferior superior aba transpassada parte inferior grampear inferior fita transparente impressao monogromtico utilizado produtos codigo
kart,caixa papelao estagios para medidas externas material kart kart papelao onda fechamento inferior superior aba transpassada parte inferior grampear inferior fita transparente impressao monogromtico utilizado produtos codigo
kart,caixa papelao estagios para medidas externas material kart kart papelao onda fechamento inferior superior aba transpassada parte inferior grampear inferior fita transparente impressao monogromtico utilizado produtos codigo
kart,caixa papelao compressor csa litros medidas internas papelao onda dupla pardo kart kart fechamento inferior superior tipo maleta simple lateral colada cola instantanea ambo fechamento impressao pratica air caixa papelao csa pratica air
kart,caixa papelao compressor csa litros medidas internas papelao onda dupla pardo kart kart fechamento inferior superior tipo maleta simple lateral colada cola instantanea ambo fechamento impressao airplus caixa papelao csa airplus
xxxmm,caixa papelao compressor csa litros medidas internas xxxmm xxxmm xxxmm papelao onda dupla pardo kart kart fechamento inferior superior tipo maleta simple lateral colada cola instantanea ambo fechamento impressao pratica air caixa papelao csa pratica air
xxxmm,caixa papelao compressor csa litros medidas internas xxxmm xxxmm xxxmm papelao onda dupla pardo kart kart fechamento inferior superior tipo maleta simple lateral colada cola instantanea ambo fechamento impressao pratica air caixa papelao csa pratica air
shx,caixa papelao shx shx somar embalagem papelao duplo cafe aba transpassadas medidas internas conforme desenho fornecedor flashback fornecedor embalplan
csw,conjunto junta vedacao papelao hidraulico teadit amianto fibra armada borracha nbr unidades vedacao oleo compressor embalados cartel papelao junta superior kit compressor csw csw ponto
smg,gere conjunto junta papelao hidraulico borracha vedacoes liquidar alojadas carburador motor inicio centelha combustao composto pecas sendo junta borracha junta papelao hidraulico carburador basket set with air clear hacking cod kit with papel carburador hacking cod carburador connecting hacking cod aplicacao gerador eletrico smg smg fabricante lucian
smg,gere junta cartao papelao alta temperatura vedacao gas oleo motor inicio centelha combustao fabricante lucian junta silencioso cod uso motor gerador smg smg buffer basket cod aplicacao gerador eletrico smg smg fabricante lucian
smg,junta cartao papelao alta temperatura vedacao gas oleo motor inicio centelha combustao fabricante lucian junta silencioso cod uso motor gerador smg smg buffer basket cod aplicacao gerador eletrico smg smg fabricante lucian
smg,junta papelao hidraulico vedacoes liquidar alojadas carburador motor inicio centelha combustao fornecedor lucian junta carburador filtro uso motor gerador smg smg composto junta filtro borracha cod junta papelao hidraulico cod junta papelao hidraulico conector carburador cod carburador basket set with air clear hacking cod kit with papel carburador hacking cod carburador connecting hacking cod aplicacao gerador eletrico smg smg fabricante lucian
grama,reforco papelao caixa jet master colorida confeccionado papelao ondulado onda simple osk prematura grama grama corte vinco colada reforco papelao jet master
unica,aparas reles papel unica unica
unica,chapa papelao ondulado processo unica unica
cor,dispa tried papelao underware base cor cor unica dispa tried material papelao tamanho xcm marca base
cor,monoculo papel montar cor cor unica
cor,papel contacto transparente xmm cor cor unica papel contacto transparente xmm
cor,papel contacto transparente com cor cor unica papel contacto cor transparente apresentacao rolo com
cor,porta ret dia criancas papel xcm cor cor unica
cor,porta retrato papel americano xcm cor cor unica
cor,residuo papelao cor cor unica
kit,colmeia papel divisoria impermeavel kit kit composto colmeias divirtas sendo colmeias carro reciclado grs classificado frente verso vindos cada imenso total divirtas carro reciclado grs classificados frente verso imenso
folha,papel vci folha folha papel kart pardo natural saturado solo inibidor corrosao multimetlico vci dimensoes densidade total papel inibidor corrosao presente papel possui gravar identificar lado utilizar item atende norma nbr
grama,reforco papelao caixa air plus confeccionado papelao ondulado onda dupla prematura xxx grama grama corte vinco reforco papelao air plus
grama,reforco papelao caixa summerjet confeccionado papelao ondulado onda simple capa kart prematura grama grama vinco colada medidas externas
kart,tabuleiro papel utilizado reforcar fundo caixa papel medidas xmm onda kart kart
kart,tabuleiro papel utilizado reforcar fundo caixa papel medidas xmm onda kart kart
kart,tabuleiro papel utilizado reforcar fundo caixa papel medidas onda kart kart
grama,reforco papelao caixa air plus confeccionado papelao ondulado onda dupla prematura xxx grama grama corte vinco reforco papelao air plus
kart,tabuleiro papel utilizado reforcar fundo caixa papel medidas xmm onda kart kart
kart,tabuleiro papel utilizado reforcar fundo caixa papel medidas xmm onda kart kart
kart,tabuleiro papel utilizado reforcar fundo caixa papel medidas onda kart kart
ibox,luva protetora eixo ibox ibox megaflow
pol,luva mal galo red bsp pol pol luva ferro fundido maleavel galvanizado educado cascavel bsp classe pressao libra pol pol
pol,luva mal galo red bsp pol pol luva ferro fundido maleavel galvanizado educado cascavel bsp classe pressao libra pol pol
pol,luva mal galo red bsp pol pol luva ferro fundido maleavel galvanizado educado cascavel bsp classe pressao libra pol pol
pol,luva mal galo red bsp pol pol luva ferro fundido maleavel galvanizado educado cascavel bsp classe pressao libra pol pol
pol,luva mal galo red bsp pol pol luva ferro fundido maleavel galvanizado educado cascavel bsp classe pressao libra pol pol
pol,luva mal galo red bsp pol pol luva ferro fundido maleavel galvanizado educado cascavel bsp classe pressao libra pol pol
pol,luva mal galo red bsp pol pol luva ferro fundido maleavel galvanizado educado cascavel bsp classe pressao libra pol pol
pol,luva mal galo red bsp pol pol luva ferro fundido maleavel galvanizado educado cascavel bsp classe pressao libra pol pol
pol,luva mal galo red bsp pol pol luva ferro fundido maleavel galvanizado educado cascavel bsp classe pressao libra pol pol
pol,luva mal galo red bsp pol pol luva ferro fundido maleavel galvanizado educado cascavel bsp classe pressao libra pol pol
pol,luva mal galo red bsp pol pol luva ferro fundido maleavel galvanizado educado cascavel bsp classe pressao libra pol pol
pol,luva mal galo red bsp pol pol luva ferro fundido maleavel galvanizado educado cascavel bsp classe pressao libra pol pol
pol,luva mal galo red bsp pol pol luva ferro fundido maleavel galvanizado educado cascavel bsp classe pressao libra pol pol
pol,luva mal galo red bsp pol pol luva ferro fundido maleavel galvanizado educado cascavel bsp classe pressao libra pol pol
terminal,rainha sete ete emenda luva tem rainha sete ete emenda luva terminal terminal
pol,luva reduz pvc sch pol pol soluvel
pol,luva ibox dia pol pol
pol,luva educado galvanizada pol pol
pvc,luva pvc pvc nacional
pvc,luva pvc pvc nacional
femea,luva paralela femea femea ferro galvanizado classe bsp
femea,luva paralela femea femea ferro galvanizado classe bsp
femea,luva paralela femea femea ferro galvanizado classe bsp
femea,luva paralela femea femea ferro galvanizado classe bsp
femea,luva paralela femea femea ferro galvanizado classe bsp
femea,luva paralela femea femea ferro galvanizado classe bsp
femea,luva paralela femea femea ferro galvanizado classe bsp
femea,luva paralela femea femea ferro galvanizado classe bsp
femea,luva paralela femea femea ferro galvanizado classe bsp
femea,luva paralela femea femea ferro galvanizado classe bsp
femea,luva paralela femea femea ferro galvanizado classe bsp
femea,luva paralela femea femea ferro galvanizado classe bsp
femea,luva paralela femea femea ferro galvanizado classe npt
cor,identificador luva xmm phoenix cor cor unica
cor,luva bsp cor cor unica luva material aco ibox asim diametro nominal classe pressao espessura extremidade rosca bsp iso norma dimensional ame
cor,luva bsp cor cor unica luva material aco carbono asim acabamento tratamento super galvanizado fogo diametro nominal classe pressao espessura extremidade rosca bsp iso norma dimensional nbr
cor,luva aco cara forjado bsp cor cor unica material aco carbono forjado asim classe diametro nominal
cor,luva partida cinica mayor eixo cor cor unica luva complemento partida cinica modelo aplicacao tear circular subaplicacao nao aplica fabricante mayor referencia eixo
cor,luva partida cinica oficio eixo cor cor unica luva complemento partida cinica modelo aplicacao tear circular subaplicacao nao aplica fabricante oficio referencia eixo
cor,luva oleoduto bsp cor cor unica luva eletroduto material aco carbono sar acabamento galvanizado fogo tipo pesado rosca bsp diametro
cor,luva emenda galo cor cor unica luva tipo luva emenda material ferro fundido fofo acabamento cor galvanizado fogo conexao rosada bsp bitola eletroduto aplicado rigido tipo projecto abrigado acessorio acessorio
acessorio,luva emenda galo luva tipo luva emenda material ferro fundido fofo acabamento cor galvanizado fogo conexao rosada bsp bitola eletroduto aplicado rigido tipo projecto abrigado acessorio acessorio
cor,luva galvanizada cor cor unica
cor,luva galvanizada cor cor unica
cor,luva galvanizada cor cor unica
cor,luva galvanizada cor cor unica
cor,luva galvanizada cor cor unica
cor,luva galvanizada fogo cor cor unica luva complemento galvanizada fogo unidade medida modelo nbr referencia aplicacao material utilizado reforma loja ncm
cor,luva red galo bsp cor cor unica luva tipo educado femea material aco carbono sae acabamento tratamento super galvanizado diametro nominal extremidade rosca bsp iso
cor,luva red galo bsp cor cor unica luva educado metalica material ferro maleavel asim acabamento tratamento super galvanizado diametro nominal classe pressao espessura extremidade rosca bsp norma dimensional nbr
cor,luva reduz galvanizado cor cor unica
cor,meia luva cor cor unica meia luva material aco carbono asim classe pressao espessura extremidade encaixe solda ame diametro nominal
cor,meia luva cor cor unica meia luva material aco carbono asim classe pressao espessura extremidade encaixe solda ame diametro nominal
cor,meia luva asim bsp cor cor unica meia luva material aco carbono norma asim classe rosca bsp tamanho
cor,meia luva forjado bsp cor cor unica meia luva material aco carbono forjado classe pressao diametro nominal
cor,meia luva aco carbono cor cor unica meia luva carbono asim extremidade solda encaixe conforme ame
cor,meia luva aco carbono cor cor unica meia luva carbono asim extremidade solda encaixe conforme ame
cor,meia luva aco ibox cor cor unica meia luva ibox aii classe extremidade solda encaixe construo conforme anti
cor,meia luva cor cor unica meia luva material aco ibox aii classe pressao espessura extremidade encaixe solda ame diametro nominal
cor,meia luva cor cor unica meia luva material ibox diametro
polegadas,acessorio tubo tipo luva aco urinado tratamento superficial ficado rosca extremidades macho bispo polegadas polegadas femea bispo polegadas comprimento uso compressores rotativo parafusos
circuitos,valvula transferencia vias corpo externo aco tipo corpo luva destinada desviar circuitos circuitos diferentes utilizada caminhos sabia sol club ref know cabo trailer control vale
rev,luva aco conforme desenho materiais conforme ame seca parte edicao rev rev material criatividade
rev,luva aco conforme desenho materiais conforme ame seca parte edicao rev rev material criatividade
rev,luva rosca conforme desenho materiais conforme ame seca parte edicao rev rev material criatividade
rev,luva aco especial conforme desenho materiais conforme ame seca parte edicao rev rev material criatividade
rev,luva aco bsp conforme desenho materiais conforme ame seca parte edicao rev rev material criatividade
rev,luva aco bsp conforme desenho materiais conforme ame seca parte edicao rev rev material criatividade
circuitos,valvula transferencia vias corpo externo aco tipo corpo luva destinada desviar circuitos circuitos diferentes aplicado veiculos sabia posso sol club ref know cabo trailer control vale
